name	x	y	z	type	material
F7	-0.07187663250970616	0.07310353217275958	0.02579045587891774	wet	Silver/Silver Chloride
F3	-0.05180904586237076	0.0866879023191724	0.07871409302883829	wet	Silver/Silver Chloride
F4	0.05027427028109521	0.087438385860065	0.07727065434234637	wet	Silver/Silver Chloride
F8	0.07143526180097565	0.07450512184827826	0.025101027393181548	wet	Silver/Silver Chloride
T7	-0.08598208540859081	0.014871643830998479	0.03117337373904913	wet	Silver/Silver Chloride
C3	-0.06714873038365092	0.023358234962598565	0.10451068106025274	wet	Silver/Silver Chloride
Cz	-0.0013741408533525957	0.027617093717945417	0.1401994941744	wet	Silver/Silver Chloride
C4	0.06532887326785189	0.02357310071942504	0.10369243420048097	wet	Silver/Silver Chloride
T8	0.08326136240706139	0.015258183861365685	0.030972968524064372	wet	Silver/Silver Chloride
P7	-0.07445797197401204	-0.0421231600703902	0.041273631387385656	wet	Silver/Silver Chloride
P3	-0.05503823925315043	-0.04421030104524479	0.09990897692201317	wet	Silver/Silver Chloride
Pz	-0.0017094524972804195	-0.04521299319629392	0.12667292418210063	wet	Silver/Silver Chloride
P4	0.053636008012841616	-0.044334525348021875	0.10051602773215543	wet	Silver/Silver Chloride
P8	0.07103246343848865	-0.04225998064272267	0.04119886278195534	wet	Silver/Silver Chloride
O1	-0.0315735653251896	-0.08056835005318111	0.054789645624052044	wet	Silver/Silver Chloride
O2	0.027683093109090593	-0.08048884161275736	0.05473408147779854	wet	Silver/Silver Chloride
