onset	duration	trial_type	value	sample
17.234375	n/a	NonTarget	1	2206
17.796875	n/a	NonTarget	1	2278
17.96875	n/a	NonTarget	1	2300
19.046875	n/a	NonTarget	1	2438
19.734375	n/a	NonTarget	1	2526
20.234375	n/a	Target	2	2590
20.71875	n/a	Target	2	2652
21.109375	n/a	NonTarget	1	2702
21.453125	n/a	NonTarget	1	2746
21.75	n/a	NonTarget	1	2784
22.015625	n/a	NonTarget	1	2818
22.265625	n/a	NonTarget	1	2850
22.5	n/a	NonTarget	1	2880
22.6875	n/a	NonTarget	1	2904
22.8984375	n/a	NonTarget	1	2931
23.109375	n/a	NonTarget	1	2958
23.296875	n/a	NonTarget	1	2982
23.5	n/a	Target	2	3008
23.953125	n/a	NonTarget	1	3066
24.34375	n/a	NonTarget	1	3116
24.796875	n/a	NonTarget	1	3174
25.375	n/a	Target	2	3248
25.7734375	n/a	NonTarget	1	3299
26.015625	n/a	NonTarget	1	3330
26.484375	n/a	NonTarget	1	3390
27.359375	n/a	NonTarget	1	3502
28.234375	n/a	NonTarget	1	3614
29.1875	n/a	NonTarget	1	3736
29.84375	n/a	Target	2	3820
30.375	n/a	NonTarget	1	3888
30.7734375	n/a	NonTarget	1	3939
31.1484375	n/a	NonTarget	1	3987
31.484375	n/a	NonTarget	1	4030
31.703125	n/a	Target	2	4058
32.0	n/a	NonTarget	1	4096
32.25	n/a	NonTarget	1	4128
32.46875	n/a	NonTarget	1	4156
32.703125	n/a	NonTarget	1	4186
32.921875	n/a	NonTarget	1	4214
33.125	n/a	Target	2	4240
33.359375	n/a	NonTarget	1	4270
33.5234375	n/a	NonTarget	1	4291
33.71875	n/a	NonTarget	1	4316
33.8984375	n/a	NonTarget	1	4339
34.078125	n/a	NonTarget	1	4362
34.3125	n/a	NonTarget	1	4392
35.2734375	n/a	NonTarget	1	4515
35.4375	n/a	Target	2	4536
35.7734375	n/a	NonTarget	1	4579
36.015625	n/a	NonTarget	1	4610
36.3125	n/a	NonTarget	1	4648
36.59375	n/a	NonTarget	1	4684
36.828125	n/a	Target	2	4714
37.859375	n/a	NonTarget	1	4846
38.3125	n/a	NonTarget	1	4904
39.25	n/a	NonTarget	1	5024
39.8984375	n/a	NonTarget	1	5107
40.390625	n/a	Target	2	5170
40.859375	n/a	NonTarget	1	5230
41.203125	n/a	NonTarget	1	5274
41.515625	n/a	NonTarget	1	5314
41.734375	n/a	Target	2	5342
42.046875	n/a	NonTarget	1	5382
42.2734375	n/a	NonTarget	1	5411
42.515625	n/a	NonTarget	1	5442
42.6875	n/a	NonTarget	1	5464
42.890625	n/a	NonTarget	1	5490
43.078125	n/a	NonTarget	1	5514
43.265625	n/a	Target	2	5538
43.5	n/a	NonTarget	1	5568
43.703125	n/a	NonTarget	1	5594
43.921875	n/a	NonTarget	1	5622
44.078125	n/a	NonTarget	1	5642
44.703125	n/a	NonTarget	1	5722
45.296875	n/a	NonTarget	1	5798
45.46875	n/a	NonTarget	1	5820
46.25	n/a	Target	2	5920
46.46875	n/a	NonTarget	1	5948
47.203125	n/a	NonTarget	1	6042
47.703125	n/a	NonTarget	1	6106
48.203125	n/a	NonTarget	1	6170
49.203125	n/a	NonTarget	1	6298
49.859375	n/a	Target	2	6382
50.421875	n/a	NonTarget	1	6454
50.84375	n/a	Target	2	6508
51.25	n/a	NonTarget	1	6560
51.546875	n/a	NonTarget	1	6598
51.765625	n/a	NonTarget	1	6626
52.046875	n/a	NonTarget	1	6662
52.296875	n/a	NonTarget	1	6694
52.546875	n/a	Target	2	6726
52.765625	n/a	NonTarget	1	6754
52.96875	n/a	NonTarget	1	6780
53.171875	n/a	NonTarget	1	6806
53.375	n/a	NonTarget	1	6832
53.578125	n/a	NonTarget	1	6858
59.859375	n/a	Target	2	7662
60.25	n/a	NonTarget	1	7712
60.703125	n/a	NonTarget	1	7770
61.09375	n/a	NonTarget	1	7820
61.421875	n/a	NonTarget	1	7862
61.71875	n/a	NonTarget	1	7900
62.0	n/a	NonTarget	1	7936
62.25	n/a	Target	2	7968
62.546875	n/a	NonTarget	1	8006
62.71875	n/a	NonTarget	1	8028
62.9375	n/a	NonTarget	1	8056
63.1484375	n/a	NonTarget	1	8083
63.34375	n/a	NonTarget	1	8108
63.546875	n/a	NonTarget	1	8134
63.8984375	n/a	Target	2	8179
64.109375	n/a	NonTarget	1	8206
64.296875	n/a	NonTarget	1	8230
64.671875	n/a	NonTarget	1	8278
65.015625	n/a	NonTarget	1	8322
65.265625	n/a	NonTarget	1	8354
65.484375	n/a	NonTarget	1	8382
65.84375	n/a	NonTarget	1	8428
66.09375	n/a	Target	2	8460
66.3984375	n/a	NonTarget	1	8499
67.234375	n/a	NonTarget	1	8606
67.796875	n/a	NonTarget	1	8678
68.109375	n/a	Target	2	8718
69.25	n/a	NonTarget	1	8864
69.8984375	n/a	NonTarget	1	8947
70.421875	n/a	NonTarget	1	9014
70.859375	n/a	NonTarget	1	9070
71.21875	n/a	NonTarget	1	9116
71.546875	n/a	Target	2	9158
71.828125	n/a	NonTarget	1	9194
72.125	n/a	NonTarget	1	9232
72.34375	n/a	NonTarget	1	9260
72.578125	n/a	NonTarget	1	9290
72.765625	n/a	NonTarget	1	9314
72.96875	n/a	Target	2	9340
73.21875	n/a	NonTarget	1	9372
73.3984375	n/a	NonTarget	1	9395
73.578125	n/a	NonTarget	1	9418
73.7734375	n/a	NonTarget	1	9443
73.953125	n/a	NonTarget	1	9466
74.109375	n/a	NonTarget	1	9486
74.578125	n/a	NonTarget	1	9546
75.3984375	n/a	Target	2	9651
75.9375	n/a	NonTarget	1	9720
76.203125	n/a	NonTarget	1	9754
76.5625	n/a	NonTarget	1	9800
76.8125	n/a	NonTarget	1	9832
77.078125	n/a	NonTarget	1	9866
77.328125	n/a	Target	2	9898
78.0625	n/a	NonTarget	1	9992
78.3125	n/a	NonTarget	1	10024
79.328125	n/a	NonTarget	1	10154
79.984375	n/a	Target	2	10238
80.546875	n/a	NonTarget	1	10310
80.875	n/a	NonTarget	1	10352
81.21875	n/a	NonTarget	1	10396
81.546875	n/a	NonTarget	1	10438
81.7734375	n/a	Target	2	10467
82.109375	n/a	NonTarget	1	10510
82.34375	n/a	NonTarget	1	10540
82.578125	n/a	NonTarget	1	10570
82.796875	n/a	NonTarget	1	10598
83.0	n/a	NonTarget	1	10624
83.21875	n/a	NonTarget	1	10652
83.3984375	n/a	NonTarget	1	10675
83.578125	n/a	NonTarget	1	10698
84.453125	n/a	NonTarget	1	10810
84.671875	n/a	Target	2	10838
84.890625	n/a	Target	2	10866
85.640625	n/a	NonTarget	1	10962
86.296875	n/a	NonTarget	1	11046
86.5234375	n/a	NonTarget	1	11075
86.796875	n/a	NonTarget	1	11110
87.09375	n/a	NonTarget	1	11148
87.578125	n/a	NonTarget	1	11210
88.484375	n/a	NonTarget	1	11326
89.109375	n/a	NonTarget	1	11406
89.828125	n/a	NonTarget	1	11498
90.375	n/a	Target	2	11568
90.875	n/a	NonTarget	1	11632
91.25	n/a	NonTarget	1	11680
91.578125	n/a	NonTarget	1	11722
91.796875	n/a	Target	2	11750
92.375	n/a	NonTarget	1	11824
92.609375	n/a	NonTarget	1	11854
92.7734375	n/a	NonTarget	1	11875
92.984375	n/a	Target	2	11902
93.25	n/a	NonTarget	1	11936
93.453125	n/a	NonTarget	1	11962
93.640625	n/a	NonTarget	1	11986
94.0234375	n/a	NonTarget	1	12035
100.375	n/a	NonTarget	1	12848
100.546875	n/a	NonTarget	1	12870
100.84375	n/a	NonTarget	1	12908
101.21875	n/a	NonTarget	1	12956
101.5625	n/a	Target	2	13000
101.828125	n/a	NonTarget	1	13034
102.125	n/a	NonTarget	1	13072
102.375	n/a	NonTarget	1	13104
102.625	n/a	NonTarget	1	13136
102.796875	n/a	Target	2	13158
103.046875	n/a	NonTarget	1	13190
103.25	n/a	NonTarget	1	13216
103.4375	n/a	Target	2	13240
103.671875	n/a	NonTarget	1	13270
103.859375	n/a	NonTarget	1	13294
104.0234375	n/a	NonTarget	1	13315
104.203125	n/a	NonTarget	1	13338
105.046875	n/a	NonTarget	1	13446
105.234375	n/a	NonTarget	1	13470
105.6484375	n/a	Target	2	13523
106.34375	n/a	NonTarget	1	13612
107.375	n/a	NonTarget	1	13744
107.546875	n/a	NonTarget	1	13766
108.5	n/a	NonTarget	1	13888
109.1484375	n/a	NonTarget	1	13971
109.890625	n/a	NonTarget	1	14066
110.46875	n/a	Target	2	14140
110.953125	n/a	NonTarget	1	14202
111.3125	n/a	NonTarget	1	14248
111.640625	n/a	NonTarget	1	14290
111.859375	n/a	Target	2	14318
112.1875	n/a	NonTarget	1	14360
112.4375	n/a	NonTarget	1	14392
112.6875	n/a	NonTarget	1	14424
112.921875	n/a	NonTarget	1	14454
113.125	n/a	NonTarget	1	14480
113.328125	n/a	NonTarget	1	14506
113.515625	n/a	Target	2	14530
113.734375	n/a	NonTarget	1	14558
113.921875	n/a	NonTarget	1	14582
114.109375	n/a	NonTarget	1	14606
114.265625	n/a	NonTarget	1	14626
114.4375	n/a	NonTarget	1	14648
115.0625	n/a	NonTarget	1	14728
115.765625	n/a	NonTarget	1	14818
115.9375	n/a	NonTarget	1	14840
116.125	n/a	Target	2	14864
116.8125	n/a	NonTarget	1	14952
117.875	n/a	Target	2	15088
118.4375	n/a	NonTarget	1	15160
119.4375	n/a	NonTarget	1	15288
120.109375	n/a	NonTarget	1	15374
120.625	n/a	NonTarget	1	15440
120.921875	n/a	NonTarget	1	15478
121.2734375	n/a	NonTarget	1	15523
121.625	n/a	Target	2	15568
121.921875	n/a	NonTarget	1	15606
122.1875	n/a	NonTarget	1	15640
122.453125	n/a	NonTarget	1	15674
122.703125	n/a	NonTarget	1	15706
122.9375	n/a	Target	2	15736
123.1875	n/a	NonTarget	1	15768
123.3984375	n/a	NonTarget	1	15795
123.59375	n/a	NonTarget	1	15820
123.9375	n/a	NonTarget	1	15864
124.2734375	n/a	NonTarget	1	15907
124.484375	n/a	NonTarget	1	15934
124.6484375	n/a	NonTarget	1	15955
125.21875	n/a	NonTarget	1	16028
125.546875	n/a	NonTarget	1	16070
125.984375	n/a	Target	2	16126
126.203125	n/a	NonTarget	1	16154
126.46875	n/a	NonTarget	1	16188
126.765625	n/a	Target	2	16226
127.234375	n/a	NonTarget	1	16286
127.390625	n/a	NonTarget	1	16306
127.609375	n/a	NonTarget	1	16334
128.546875	n/a	NonTarget	1	16454
129.1875	n/a	NonTarget	1	16536
129.921875	n/a	NonTarget	1	16630
130.453125	n/a	Target	2	16698
130.953125	n/a	NonTarget	1	16762
131.328125	n/a	NonTarget	1	16810
131.671875	n/a	Target	2	16854
132.015625	n/a	NonTarget	1	16898
132.2734375	n/a	NonTarget	1	16931
132.5234375	n/a	NonTarget	1	16963
132.71875	n/a	NonTarget	1	16988
132.9375	n/a	NonTarget	1	17016
133.1484375	n/a	NonTarget	1	17043
133.34375	n/a	NonTarget	1	17068
133.5234375	n/a	Target	2	17091
134.25	n/a	NonTarget	1	17184
134.4375	n/a	NonTarget	1	17208
134.796875	n/a	NonTarget	1	17254
141.078125	n/a	NonTarget	1	18058
141.359375	n/a	NonTarget	1	18094
141.6875	n/a	Target	2	18136
142.046875	n/a	NonTarget	1	18182
142.296875	n/a	NonTarget	1	18214
142.546875	n/a	NonTarget	1	18246
142.734375	n/a	NonTarget	1	18270
142.953125	n/a	Target	2	18298
143.21875	n/a	NonTarget	1	18332
143.421875	n/a	NonTarget	1	18358
143.625	n/a	NonTarget	1	18384
144.328125	n/a	NonTarget	1	18474
144.5	n/a	NonTarget	1	18496
145.1875	n/a	NonTarget	1	18584
145.421875	n/a	NonTarget	1	18614
145.609375	n/a	Target	2	18638
146.296875	n/a	NonTarget	1	18726
146.484375	n/a	NonTarget	1	18750
147.0625	n/a	Target	2	18824
147.3125	n/a	NonTarget	1	18856
147.515625	n/a	NonTarget	1	18882
148.546875	n/a	NonTarget	1	19014
149.21875	n/a	NonTarget	1	19100
149.96875	n/a	NonTarget	1	19196
150.546875	n/a	NonTarget	1	19270
150.859375	n/a	NonTarget	1	19310
151.25	n/a	NonTarget	1	19360
151.59375	n/a	NonTarget	1	19404
151.828125	n/a	NonTarget	1	19434
152.125	n/a	Target	2	19472
152.453125	n/a	NonTarget	1	19514
152.703125	n/a	NonTarget	1	19546
152.953125	n/a	Target	2	19578
153.203125	n/a	NonTarget	1	19610
153.421875	n/a	NonTarget	1	19638
153.625	n/a	NonTarget	1	19664
154.0234375	n/a	Target	2	19715
154.25	n/a	NonTarget	1	19744
154.3984375	n/a	NonTarget	1	19763
154.6484375	n/a	NonTarget	1	19795
154.8984375	n/a	NonTarget	1	19827
155.125	n/a	NonTarget	1	19856
155.5	n/a	Target	2	19904
155.921875	n/a	NonTarget	1	19958
156.265625	n/a	NonTarget	1	20002
156.765625	n/a	NonTarget	1	20066
158.1484375	n/a	NonTarget	1	20243
158.375	n/a	NonTarget	1	20272
159.484375	n/a	Target	2	20414
159.984375	n/a	NonTarget	1	20478
160.546875	n/a	NonTarget	1	20550
160.875	n/a	NonTarget	1	20592
161.2734375	n/a	NonTarget	1	20643
161.625	n/a	NonTarget	1	20688
161.875	n/a	NonTarget	1	20720
162.171875	n/a	NonTarget	1	20758
162.453125	n/a	NonTarget	1	20794
162.6875	n/a	NonTarget	1	20824
162.921875	n/a	Target	2	20854
163.1875	n/a	NonTarget	1	20888
163.390625	n/a	Target	2	20914
163.625	n/a	NonTarget	1	20944
163.875	n/a	NonTarget	1	20976
164.046875	n/a	NonTarget	1	20998
164.21875	n/a	NonTarget	1	21020
164.3984375	n/a	NonTarget	1	21043
164.59375	n/a	NonTarget	1	21068
165.328125	n/a	NonTarget	1	21162
166.421875	n/a	NonTarget	1	21302
166.625	n/a	NonTarget	1	21328
166.859375	n/a	Target	2	21358
167.421875	n/a	NonTarget	1	21430
167.734375	n/a	NonTarget	1	21470
168.203125	n/a	NonTarget	1	21530
169.109375	n/a	NonTarget	1	21646
169.8984375	n/a	Target	2	21747
170.546875	n/a	NonTarget	1	21830
170.875	n/a	NonTarget	1	21872
171.296875	n/a	NonTarget	1	21926
171.625	n/a	Target	2	21968
171.8984375	n/a	NonTarget	1	22003
172.203125	n/a	NonTarget	1	22042
172.453125	n/a	NonTarget	1	22074
172.71875	n/a	NonTarget	1	22108
172.953125	n/a	NonTarget	1	22138
173.171875	n/a	NonTarget	1	22166
173.3984375	n/a	NonTarget	1	22195
173.609375	n/a	Target	2	22222
173.984375	n/a	NonTarget	1	22270
174.171875	n/a	Target	2	22294
174.390625	n/a	NonTarget	1	22322
174.578125	n/a	NonTarget	1	22346
175.125	n/a	NonTarget	1	22416
175.296875	n/a	NonTarget	1	22438
176.421875	n/a	NonTarget	1	22582
182.75	n/a	NonTarget	1	23392
183.875	n/a	NonTarget	1	23536
184.046875	n/a	NonTarget	1	23558
184.234375	n/a	NonTarget	1	23582
184.3984375	n/a	NonTarget	1	23603
184.5625	n/a	Target	2	23624
185.4375	n/a	NonTarget	1	23736
186.296875	n/a	NonTarget	1	23846
186.875	n/a	NonTarget	1	23920
187.25	n/a	NonTarget	1	23968
187.46875	n/a	NonTarget	1	23996
187.859375	n/a	Target	2	24046
188.109375	n/a	Target	2	24078
188.34375	n/a	NonTarget	1	24108
188.703125	n/a	NonTarget	1	24154
189.6875	n/a	NonTarget	1	24280
190.328125	n/a	NonTarget	1	24362
190.828125	n/a	NonTarget	1	24426
191.25	n/a	NonTarget	1	24480
191.609375	n/a	NonTarget	1	24526
191.859375	n/a	NonTarget	1	24558
192.171875	n/a	NonTarget	1	24598
192.4375	n/a	NonTarget	1	24632
192.6875	n/a	Target	2	24664
192.96875	n/a	Target	2	24700
193.234375	n/a	NonTarget	1	24734
193.4375	n/a	NonTarget	1	24760
193.6484375	n/a	NonTarget	1	24787
194.609375	n/a	NonTarget	1	24910
194.8125	n/a	NonTarget	1	24936
195.265625	n/a	NonTarget	1	24994
195.46875	n/a	NonTarget	1	25020
195.71875	n/a	NonTarget	1	25052
195.984375	n/a	NonTarget	1	25086
196.171875	n/a	Target	2	25110
196.546875	n/a	NonTarget	1	25158
196.875	n/a	NonTarget	1	25200
197.078125	n/a	NonTarget	1	25226
197.2734375	n/a	NonTarget	1	25251
198.078125	n/a	Target	2	25354
198.328125	n/a	NonTarget	1	25386
198.5234375	n/a	NonTarget	1	25411
199.234375	n/a	Target	2	25502
200.09375	n/a	NonTarget	1	25612
200.6484375	n/a	NonTarget	1	25683
200.96875	n/a	NonTarget	1	25724
201.390625	n/a	NonTarget	1	25778
201.71875	n/a	NonTarget	1	25820
202.0234375	n/a	Target	2	25859
202.375	n/a	NonTarget	1	25904
202.640625	n/a	NonTarget	1	25938
202.828125	n/a	NonTarget	1	25962
203.078125	n/a	NonTarget	1	25994
203.296875	n/a	NonTarget	1	26022
203.515625	n/a	NonTarget	1	26050
203.875	n/a	NonTarget	1	26096
204.078125	n/a	NonTarget	1	26122
204.25	n/a	NonTarget	1	26144
204.421875	n/a	NonTarget	1	26166
204.609375	n/a	Target	2	26190
205.09375	n/a	NonTarget	1	26252
205.296875	n/a	NonTarget	1	26278
205.515625	n/a	NonTarget	1	26306
206.09375	n/a	Target	2	26380
206.3125	n/a	NonTarget	1	26408
206.578125	n/a	NonTarget	1	26442
206.84375	n/a	NonTarget	1	26476
207.015625	n/a	NonTarget	1	26498
207.578125	n/a	NonTarget	1	26570
208.640625	n/a	NonTarget	1	26706
209.34375	n/a	Target	2	26796
210.1875	n/a	NonTarget	1	26904
210.75	n/a	NonTarget	1	26976
211.1875	n/a	NonTarget	1	27032
211.546875	n/a	NonTarget	1	27078
211.796875	n/a	NonTarget	1	27110
212.125	n/a	Target	2	27152
212.453125	n/a	NonTarget	1	27194
212.703125	n/a	NonTarget	1	27226
212.9375	n/a	NonTarget	1	27256
213.171875	n/a	NonTarget	1	27286
213.390625	n/a	NonTarget	1	27314
213.609375	n/a	NonTarget	1	27342
214.1875	n/a	Target	2	27416
214.3984375	n/a	NonTarget	1	27443
214.578125	n/a	NonTarget	1	27466
215.484375	n/a	NonTarget	1	27582
215.765625	n/a	Target	2	27618
216.5	n/a	NonTarget	1	27712
216.96875	n/a	NonTarget	1	27772
217.453125	n/a	NonTarget	1	27834
217.875	n/a	NonTarget	1	27888
218.328125	n/a	NonTarget	1	27946
218.71875	n/a	NonTarget	1	27996
219.765625	n/a	Target	2	28130
220.46875	n/a	NonTarget	1	28220
226.75	n/a	NonTarget	1	29024
227.265625	n/a	NonTarget	1	29090
227.640625	n/a	NonTarget	1	29138
228.71875	n/a	NonTarget	1	29276
229.7734375	n/a	NonTarget	1	29411
230.46875	n/a	Target	2	29500
231.015625	n/a	NonTarget	1	29570
231.421875	n/a	Target	2	29622
231.84375	n/a	NonTarget	1	29676
232.1484375	n/a	NonTarget	1	29715
232.421875	n/a	NonTarget	1	29750
232.703125	n/a	NonTarget	1	29786
232.9375	n/a	NonTarget	1	29816
233.1484375	n/a	NonTarget	1	29843
233.390625	n/a	NonTarget	1	29874
233.59375	n/a	NonTarget	1	29900
233.765625	n/a	NonTarget	1	29922
233.953125	n/a	Target	2	29946
234.1875	n/a	NonTarget	1	29976
234.375	n/a	NonTarget	1	30000
234.546875	n/a	Target	2	30022
234.7734375	n/a	NonTarget	1	30051
235.171875	n/a	NonTarget	1	30102
235.828125	n/a	NonTarget	1	30186
236.75	n/a	NonTarget	1	30304
236.9375	n/a	NonTarget	1	30328
237.234375	n/a	NonTarget	1	30366
237.609375	n/a	Target	2	30414
238.0234375	n/a	NonTarget	1	30467
238.4375	n/a	NonTarget	1	30520
239.109375	n/a	NonTarget	1	30606
239.984375	n/a	NonTarget	1	30718
240.625	n/a	NonTarget	1	30800
240.953125	n/a	NonTarget	1	30842
241.390625	n/a	NonTarget	1	30898
241.7734375	n/a	Target	2	30947
242.140625	n/a	NonTarget	1	30994
242.421875	n/a	NonTarget	1	31030
242.703125	n/a	NonTarget	1	31066
242.9375	n/a	NonTarget	1	31096
243.1875	n/a	Target	2	31128
243.453125	n/a	NonTarget	1	31162
243.671875	n/a	NonTarget	1	31190
243.859375	n/a	NonTarget	1	31214
244.046875	n/a	NonTarget	1	31238
244.21875	n/a	NonTarget	1	31260
244.3984375	n/a	Target	2	31283
244.640625	n/a	NonTarget	1	31314
244.828125	n/a	Target	2	31338
245.3125	n/a	NonTarget	1	31400
245.875	n/a	NonTarget	1	31472
246.59375	n/a	NonTarget	1	31564
247.109375	n/a	NonTarget	1	31630
247.359375	n/a	NonTarget	1	31662
247.59375	n/a	NonTarget	1	31692
248.078125	n/a	NonTarget	1	31754
248.453125	n/a	NonTarget	1	31802
248.828125	n/a	Target	2	31850
249.921875	n/a	NonTarget	1	31990
250.59375	n/a	NonTarget	1	32076
250.921875	n/a	Target	2	32118
251.421875	n/a	NonTarget	1	32182
251.7734375	n/a	NonTarget	1	32227
252.109375	n/a	NonTarget	1	32270
252.390625	n/a	NonTarget	1	32306
252.671875	n/a	NonTarget	1	32342
252.921875	n/a	NonTarget	1	32374
253.375	n/a	NonTarget	1	32432
253.59375	n/a	Target	2	32460
253.8125	n/a	NonTarget	1	32488
254.0	n/a	NonTarget	1	32512
254.1875	n/a	NonTarget	1	32536
254.359375	n/a	Target	2	32558
254.59375	n/a	NonTarget	1	32588
254.9375	n/a	NonTarget	1	32632
255.59375	n/a	NonTarget	1	32716
255.8984375	n/a	NonTarget	1	32755
256.125	n/a	NonTarget	1	32784
256.84375	n/a	NonTarget	1	32876
257.171875	n/a	Target	2	32918
257.6484375	n/a	NonTarget	1	32979
258.6875	n/a	NonTarget	1	33112
259.234375	n/a	NonTarget	1	33182
260.109375	n/a	NonTarget	1	33294
260.703125	n/a	NonTarget	1	33370
261.1875	n/a	NonTarget	1	33432
261.609375	n/a	NonTarget	1	33486
261.859375	n/a	NonTarget	1	33518
262.171875	n/a	Target	2	33558
262.5	n/a	NonTarget	1	33600
262.734375	n/a	NonTarget	1	33630
262.984375	n/a	NonTarget	1	33662
263.21875	n/a	NonTarget	1	33692
263.46875	n/a	NonTarget	1	33724
263.671875	n/a	Target	2	33750
270.0234375	n/a	NonTarget	1	34563
270.25	n/a	Target	2	34592
270.875	n/a	NonTarget	1	34672
271.34375	n/a	NonTarget	1	34732
271.71875	n/a	NonTarget	1	34780
272.046875	n/a	NonTarget	1	34822
272.34375	n/a	NonTarget	1	34860
272.625	n/a	NonTarget	1	34896
272.84375	n/a	Target	2	34924
273.125	n/a	NonTarget	1	34960
273.34375	n/a	NonTarget	1	34988
273.5234375	n/a	NonTarget	1	35011
273.703125	n/a	NonTarget	1	35034
273.921875	n/a	NonTarget	1	35062
274.125	n/a	NonTarget	1	35088
274.3125	n/a	Target	2	35112
274.5234375	n/a	NonTarget	1	35139
274.8984375	n/a	NonTarget	1	35187
275.296875	n/a	NonTarget	1	35238
275.484375	n/a	Target	2	35262
275.9375	n/a	NonTarget	1	35320
276.1484375	n/a	NonTarget	1	35347
276.5	n/a	NonTarget	1	35392
277.125	n/a	NonTarget	1	35472
277.765625	n/a	NonTarget	1	35554
278.640625	n/a	NonTarget	1	35666
279.3984375	n/a	Target	2	35763
280.296875	n/a	NonTarget	1	35878
280.890625	n/a	NonTarget	1	35954
281.34375	n/a	NonTarget	1	36012
281.734375	n/a	NonTarget	1	36062
282.09375	n/a	NonTarget	1	36108
282.375	n/a	Target	2	36144
282.71875	n/a	NonTarget	1	36188
282.96875	n/a	NonTarget	1	36220
283.203125	n/a	NonTarget	1	36250
283.4375	n/a	NonTarget	1	36280
283.6484375	n/a	NonTarget	1	36307
283.828125	n/a	NonTarget	1	36330
284.0	n/a	NonTarget	1	36352
284.1875	n/a	Target	2	36376
284.421875	n/a	NonTarget	1	36406
284.59375	n/a	NonTarget	1	36428
285.078125	n/a	NonTarget	1	36490
285.296875	n/a	NonTarget	1	36518
286.2734375	n/a	NonTarget	1	36643
286.5	n/a	NonTarget	1	36672
286.859375	n/a	Target	2	36718
287.875	n/a	NonTarget	1	36848
288.21875	n/a	NonTarget	1	36892
288.578125	n/a	NonTarget	1	36938
289.375	n/a	NonTarget	1	37040
290.25	n/a	NonTarget	1	37152
290.84375	n/a	Target	2	37228
291.375	n/a	NonTarget	1	37296
291.7734375	n/a	NonTarget	1	37347
292.125	n/a	NonTarget	1	37392
292.4375	n/a	NonTarget	1	37432
292.71875	n/a	Target	2	37468
293.0234375	n/a	NonTarget	1	37507
293.265625	n/a	NonTarget	1	37538
293.484375	n/a	NonTarget	1	37566
293.6484375	n/a	NonTarget	1	37587
293.828125	n/a	NonTarget	1	37610
294.0234375	n/a	NonTarget	1	37635
294.203125	n/a	Target	2	37658
294.4375	n/a	NonTarget	1	37688
294.625	n/a	NonTarget	1	37712
294.875	n/a	NonTarget	1	37744
295.125	n/a	Target	2	37776
295.421875	n/a	NonTarget	1	37814
295.890625	n/a	NonTarget	1	37874
296.203125	n/a	Target	2	37914
297.34375	n/a	NonTarget	1	38060
297.6484375	n/a	NonTarget	1	38099
298.375	n/a	NonTarget	1	38192
298.609375	n/a	NonTarget	1	38222
299.3984375	n/a	NonTarget	1	38323
300.2734375	n/a	NonTarget	1	38435
300.875	n/a	NonTarget	1	38512
301.359375	n/a	NonTarget	1	38574
301.75	n/a	Target	2	38624
302.1484375	n/a	NonTarget	1	38675
302.484375	n/a	NonTarget	1	38718
302.703125	n/a	NonTarget	1	38746
302.96875	n/a	NonTarget	1	38780
303.203125	n/a	NonTarget	1	38810
303.453125	n/a	NonTarget	1	38842
303.671875	n/a	NonTarget	1	38870
303.890625	n/a	Target	2	38898
304.140625	n/a	NonTarget	1	38930
304.34375	n/a	NonTarget	1	38956
304.515625	n/a	NonTarget	1	38978
304.71875	n/a	Target	2	39004
304.953125	n/a	NonTarget	1	39034
305.578125	n/a	NonTarget	1	39114
311.8984375	n/a	NonTarget	1	39923
312.453125	n/a	Target	2	39994
312.796875	n/a	NonTarget	1	40038
313.0625	n/a	NonTarget	1	40072
313.3125	n/a	NonTarget	1	40104
313.515625	n/a	NonTarget	1	40130
313.6875	n/a	NonTarget	1	40152
313.890625	n/a	NonTarget	1	40178
314.109375	n/a	NonTarget	1	40206
314.2734375	n/a	NonTarget	1	40227
314.46875	n/a	Target	2	40252
314.6875	n/a	NonTarget	1	40280
314.875	n/a	NonTarget	1	40304
315.0625	n/a	Target	2	40328
316.0	n/a	NonTarget	1	40448
316.4375	n/a	NonTarget	1	40504
317.2734375	n/a	NonTarget	1	40611
317.46875	n/a	NonTarget	1	40636
317.875	n/a	NonTarget	1	40688
318.109375	n/a	NonTarget	1	40718
318.296875	n/a	Target	2	40742
318.875	n/a	NonTarget	1	40816
319.9375	n/a	NonTarget	1	40952
320.671875	n/a	NonTarget	1	41046
321.1875	n/a	NonTarget	1	41112
321.609375	n/a	NonTarget	1	41166
321.875	n/a	Target	2	41200
322.265625	n/a	NonTarget	1	41250
322.578125	n/a	NonTarget	1	41290
322.796875	n/a	NonTarget	1	41318
323.0625	n/a	NonTarget	1	41352
323.3125	n/a	Target	2	41384
323.59375	n/a	NonTarget	1	41420
323.765625	n/a	NonTarget	1	41442
323.984375	n/a	NonTarget	1	41470
324.1875	n/a	NonTarget	1	41496
324.375	n/a	NonTarget	1	41520
324.5625	n/a	NonTarget	1	41544
325.0234375	n/a	NonTarget	1	41603
326.0	n/a	NonTarget	1	41728
326.359375	n/a	NonTarget	1	41774
326.6484375	n/a	Target	2	41811
327.5	n/a	NonTarget	1	41920
328.0625	n/a	NonTarget	1	41992
328.46875	n/a	NonTarget	1	42044
328.703125	n/a	NonTarget	1	42074
328.921875	n/a	Target	2	42102
329.265625	n/a	NonTarget	1	42146
330.21875	n/a	NonTarget	1	42268
330.875	n/a	NonTarget	1	42352
331.375	n/a	NonTarget	1	42416
331.796875	n/a	NonTarget	1	42470
332.140625	n/a	NonTarget	1	42514
332.453125	n/a	Target	2	42554
332.796875	n/a	NonTarget	1	42598
333.078125	n/a	NonTarget	1	42634
333.3125	n/a	NonTarget	1	42664
333.5234375	n/a	Target	2	42691
333.765625	n/a	NonTarget	1	42722
333.96875	n/a	NonTarget	1	42748
334.171875	n/a	NonTarget	1	42774
334.359375	n/a	NonTarget	1	42798
334.5625	n/a	NonTarget	1	42824
334.84375	n/a	NonTarget	1	42860
335.0	n/a	Target	2	42880
336.078125	n/a	NonTarget	1	43018
336.59375	n/a	NonTarget	1	43084
336.7734375	n/a	Target	2	43107
337.296875	n/a	NonTarget	1	43174
337.5234375	n/a	NonTarget	1	43203
337.953125	n/a	NonTarget	1	43258
338.234375	n/a	NonTarget	1	43294
338.3984375	n/a	NonTarget	1	43315
338.84375	n/a	NonTarget	1	43372
339.015625	n/a	Target	2	43394
340.1484375	n/a	NonTarget	1	43539
340.84375	n/a	NonTarget	1	43628
341.34375	n/a	NonTarget	1	43692
341.765625	n/a	Target	2	43746
342.171875	n/a	NonTarget	1	43798
342.5	n/a	NonTarget	1	43840
342.71875	n/a	NonTarget	1	43868
342.984375	n/a	NonTarget	1	43902
343.234375	n/a	NonTarget	1	43934
343.46875	n/a	NonTarget	1	43964
343.6875	n/a	NonTarget	1	43992
343.890625	n/a	NonTarget	1	44018
344.078125	n/a	Target	2	44042
344.328125	n/a	NonTarget	1	44074
344.515625	n/a	NonTarget	1	44098
345.234375	n/a	NonTarget	1	44190
345.59375	n/a	NonTarget	1	44236
345.7734375	n/a	NonTarget	1	44259
346.0625	n/a	NonTarget	1	44296
346.234375	n/a	Target	2	44318
346.75	n/a	NonTarget	1	44384
